original,new_name,label
/content/data/0/127296.wav,Jimj64DZx57eogD.wav,0
/content/data/0/189517.wav,r1qtwd8yOYKlyCq.wav,0
/content/data/0/122997.wav,yr7tYZ0BFodO7NW.wav,0
/content/data/0/163727.wav,zSgJJrovxQE0aiT.wav,0
/content/data/0/38515.wav,5ASwAmP6I6inLbK.wav,0
/content/data/0/20291.wav,kHqPEQut9Eb3f4t.wav,0
/content/data/0/169300.wav,uFLhJaQINvVSw3x.wav,0
/content/data/0/35027.wav,OWwHVlluOu0dxia.wav,0
/content/data/0/69529.wav,UqTs5SqzC2OJQDk.wav,0
/content/data/0/58237.wav,0ANVO5LfU1PEhaP.wav,0
/content/data/0/129218.wav,Xv1LVSwoJTSjIdZ.wav,0
/content/data/0/145550.wav,Y5EJFm8MIjUu5pp.wav,0
/content/data/0/55116.wav,AxpxmEEb7Bex2IR.wav,0
/content/data/0/73360.wav,BaM0EJJy6kkJaRV.wav,0
/content/data/0/54532.wav,9D3CFm3OfToAjQS.wav,0
/content/data/0/167401.wav,bWYC7wDCMCxnx1j.wav,0
/content/data/0/96918.wav,EewA0SBB2LQrXZE.wav,0
/content/data/0/137966.wav,ox2fr00JiE7iSer.wav,0
/content/data/0/99231.wav,Sf2R7d2rUaGB1mZ.wav,0
/content/data/0/38301.wav,g6v99PfMaumU8yh.wav,0
/content/data/0/70098.wav,lWqnZZcxPY3A4TM.wav,0
/content/data/0/43711.wav,l1rLF1PWNQVrosx.wav,0
/content/data/0/53382.wav,EGVGcFs2F7k6JIH.wav,0
/content/data/0/22383.wav,kMY8XZu6beqXz25.wav,0
/content/data/0/99084.wav,5Kwv4rzPFL8XXhF.wav,0
/content/data/0/156448.wav,OttzRH6EUvRFS7z.wav,0
/content/data/0/94794.wav,I0fEZIgTGZVGjrs.wav,0
/content/data/0/162561.wav,r2TqHzQqTyV0qXt.wav,0
/content/data/0/73539.wav,nNU1bBKztt2VpVs.wav,0
/content/data/0/23131.wav,FcQgda25UMiwmjQ.wav,0
/content/data/0/67685.wav,RNGUXcyi739ZdjX.wav,0
/content/data/0/42916.wav,pCkKfoXFUJC2X2h.wav,0
/content/data/0/192151.wav,KbOmtRBhkqVzjkq.wav,0
/content/data/0/53694.wav,bUbdhTy0lbKVF5C.wav,0
/content/data/0/76434.wav,POl6O0CHqFj7pN7.wav,0
/content/data/0/55111.wav,J98KmKGwcGFGxLh.wav,0
/content/data/0/16766.wav,CFI9b1TkeLEAzKe.wav,0
/content/data/0/63618.wav,mkGFfGA3VPOjgY4.wav,0
/content/data/0/69108.wav,JrW4YPcnoSDgYke.wav,0
/content/data/0/75972.wav,NoNW9S6nYtjWtWk.wav,0
/content/data/0/52073.wav,JvZ0R4QAmZTmGzE.wav,0
/content/data/0/157371.wav,8wd36zliTGM8a3s.wav,0
/content/data/0/54161.wav,ZJ3vjjQ2dXZwhDe.wav,0
/content/data/0/102854.wav,L4tFBNQIDPGROV7.wav,0
/content/data/0/76083.wav,DHx3TIDnq0ppg0E.wav,0
/content/data/0/121203.wav,lMARxboIHjHwIwY.wav,0
/content/data/0/34196.wav,ucXKW2eoT9JI9PO.wav,0
/content/data/0/121222.wav,WjGqoEHTolpgmpc.wav,0
/content/data/0/54545.wav,zdeo35n3reKl3gZ.wav,0
/content/data/0/176105.wav,Hlb833lZHmwHovw.wav,0
/content/data/0/53699.wav,a4WqBbSSUr1F16M.wav,0
/content/data/0/186860.wav,rHzlLAio8ZVMsJn.wav,0
/content/data/0/101887.wav,26y5R9ubyOuq0N9.wav,0
/content/data/0/105236.wav,qAyEaFNjAzVuYzL.wav,0
/content/data/0/54918.wav,5kSOvkXws5NGUaY.wav,0
/content/data/0/95488.wav,dFrQ2rCvevym1BK.wav,0
/content/data/0/127305.wav,JEd4S2iH1ESKyLJ.wav,0
/content/data/0/38562.wav,9mZ35SDNqGMEyOo.wav,0
/content/data/0/49799.wav,JJqWwQBbkf6KtO6.wav,0
/content/data/0/95256.wav,8BsXJMX2PWABYua.wav,0
/content/data/0/155222.wav,Fat17ZO0iQueiR1.wav,0
/content/data/0/135579.wav,LhL9QDLaHjp25Gc.wav,0
/content/data/0/155287.wav,S8ckB2vZdBU9KOD.wav,0
/content/data/0/57608.wav,J8KLsllq1XsUMCq.wav,0
/content/data/0/189324.wav,sNnVsqR6UZ9EiM6.wav,0
/content/data/0/91467.wav,juSaFo285Ib52Sn.wav,0
/content/data/0/33394.wav,CyUfQRzluS8bCn1.wav,0
/content/data/0/378.wav,MYVJligwCu59dSj.wav,0
/content/data/0/111007.wav,gRzgYnJpZAkyPUl.wav,0
/content/data/0/70301.wav,tBognud8F1IrRA8.wav,0
/content/data/0/80705.wav,5Ne7xfO16f4k7qj.wav,0
/content/data/0/67483.wav,RQJiuzj60eJnhoV.wav,0
/content/data/0/102088.wav,pHG9WUQX8jRrn66.wav,0
/content/data/0/24797.wav,3JdN0c5EMrjf9FB.wav,0
/content/data/0/57669.wav,rsnvaWVfI1oizSJ.wav,0
/content/data/0/70953.wav,Zr5YOVsmI32LnLn.wav,0
/content/data/0/19258.wav,jp4Dxr256LlnFpc.wav,0
/content/data/0/65888.wav,R8p6GELwbxIQn6I.wav,0
/content/data/0/98941.wav,Vl4BZPNxtu3hM2W.wav,0
/content/data/0/38109.wav,w3AGSVaCpcvr5Py.wav,0
/content/data/0/191744.wav,sXSSEYVwhpL4RkN.wav,0
/content/data/0/100.wav,KtAu9KxQexx2lc9.wav,0
/content/data/0/194368.wav,ABmTMZqfV19vVeR.wav,0
/content/data/0/186339.wav,gkdgr0aRKcGCox2.wav,0
/content/data/0/193483.wav,KzhsJVacgUOebnP.wav,0
/content/data/0/111091.wav,a2IWY3bO0uPCmnC.wav,0
/content/data/0/56512.wav,I8rYp1p1t7YN41P.wav,0
/content/data/0/104207.wav,5jF2rfeO9MBGBuN.wav,0
/content/data/0/102849.wav,p0YdZUMn7xbszh9.wav,0
/content/data/0/146711.wav,masP5bPPjfYQNqK.wav,0
/content/data/0/101457.wav,zVcXUjHYJWpTCsV.wav,0
/content/data/0/45481.wav,w3ZrXKSpKE0rPV8.wav,0
/content/data/0/15542.wav,bhwPcCN7CCeMVY5.wav,0
/content/data/0/65395.wav,XOIh1pZFvrhuchb.wav,0
/content/data/0/184199.wav,KwLcSy1YsYTL3aZ.wav,0
/content/data/0/126154.wav,24y855VJHUgRlPq.wav,0
/content/data/0/131133.wav,HjCf21GrQIOrm8y.wav,0
/content/data/0/192648.wav,f9kUoUR09guTuU8.wav,0
/content/data/0/21842.wav,lVV4HAIzdtLVNkG.wav,0
/content/data/0/157312.wav,UVtFRxX7Hq0iEsm.wav,0
/content/data/0/153502.wav,9mqDe1Z1VNLJ596.wav,0
/content/data/0/56523.wav,DEMAtwHFpSf0yXO.wav,0
/content/data/0/191667.wav,bMmZuh8pv0CVC9S.wav,0
/content/data/0/45922.wav,95M8iP0tOHytare.wav,0
/content/data/0/57327.wav,Ny5WhFEfMj9mjfv.wav,0
/content/data/0/69079.wav,HjnHoLmEZEZ05JT.wav,0
/content/data/0/173904.wav,obQwF9AGQVyxtBg.wav,0
/content/data/0/184463.wav,nV0V85HoGvKRGI0.wav,0
/content/data/0/155269.wav,hGEoQ1ouW6OPW8V.wav,0
/content/data/0/37739.wav,VaACIM5ERBd4MAq.wav,0
/content/data/0/95549.wav,TUgokLJCWzFLplR.wav,0
/content/data/0/160013.wav,VgaDHligKhOl56B.wav,0
/content/data/0/110990.wav,ipxWXTpmRzppIAr.wav,0
/content/data/0/122766.wav,EN05akeI0B0LCRP.wav,0
/content/data/0/111089.wav,CFxG6tT3R3e5eZY.wav,0
/content/data/0/97379.wav,GjvwNoI4vjdGl19.wav,0
/content/data/0/49086.wav,fiTo00pnt11reXg.wav,0
/content/data/0/104756.wav,KBLrmiET6BHGXf8.wav,0
/content/data/0/71333.wav,2x7llOY2QY5mPUZ.wav,0
/content/data/0/101421.wav,hAnriiopppJehir.wav,0
/content/data/0/19037.wav,0JpgBKUa88Uy7Os.wav,0
/content/data/0/80718.wav,zfyCEIsvLBaCtS9.wav,0
/content/data/0/160575.wav,5H29DCCqosKp9Cx.wav,0
/content/data/0/71048.wav,wG8nuwBgEzgP0HT.wav,0
/content/data/0/146870.wav,OwxvEztvwd2Uogo.wav,0
/content/data/0/194791.wav,Fek1WLPq6zoyu3x.wav,0
/content/data/0/32587.wav,ZAi9aNYJJG3qei5.wav,0
/content/data/0/101413.wav,QIIYmdyQpSbZ5ma.wav,0
/content/data/0/157762.wav,nSPy9BItjaNiX3h.wav,0
/content/data/0/184349.wav,jz6SYfBfpAPmOgo.wav,0
/content/data/0/161640.wav,EbJ7PMDPTnQwsBh.wav,0
/content/data/0/80318.wav,XuPJ1kFgRdkNcVY.wav,0
/content/data/0/188781.wav,MoudmEDSnJRFg9h.wav,0
/content/data/0/111888.wav,SOdsg3wj4zToDXX.wav,0
/content/data/0/44218.wav,4aSXeYoHfuUBpLw.wav,0
/content/data/0/36344.wav,7K8vuARFwiEJBHr.wav,0
/content/data/0/71700.wav,nFiP4yOavfAjEeW.wav,0
/content/data/0/185525.wav,sF3fNPADWfhsUPy.wav,0
/content/data/0/98330.wav,kYcuAYoO1JbYw7F.wav,0
/content/data/0/187001.wav,lEOusLXNWADxpgD.wav,0
/content/data/0/183448.wav,TQAP0JBlUWQA4pv.wav,0
/content/data/0/102863.wav,BEt4DY5PlVbsny3.wav,0
/content/data/0/98452.wav,JLfwM5AryXKRhgC.wav,0
/content/data/0/72213.wav,mN9m34eenLUue6M.wav,0
/content/data/0/188025.wav,vInGngvVp0ruSpM.wav,0
/content/data/0/140707.wav,y5M18TK5hkaDcUf.wav,0
/content/data/0/161643.wav,aF8I8hDrlWDeDYh.wav,0
/content/data/0/113576.wav,WDFBVxdnZQj2rxn.wav,0
/content/data/0/184823.wav,TW7V1MMETtv8klz.wav,0
/content/data/0/73361.wav,1EQD6viUfa2KVqi.wav,0
/content/data/1/kr026a.wav,5uPqq7WoOPebrw4.wav,1
/content/data/1/kr046b.wav,xz8Bhl0xiwAhoyT.wav,1
/content/data/1/kr047a.wav,zbKBXyTZj26dujc.wav,1
/content/data/1/kr043b.wav,q0mcOT9Rw9bzK3g.wav,1
/content/data/1/kr020b.wav,pnAe3YO4prMG8gP.wav,1
/content/data/1/kr008b.wav,i44XehE5vcoaOgk.wav,1
/content/data/1/kr012a.wav,OC2wkHuzeo0kYBi.wav,1
/content/data/1/kr025b.wav,5ICIskSNKgdivxE.wav,1
/content/data/1/kr044a.wav,7fOo4xzQGfDGwzu.wav,1
/content/data/1/kr021b.wav,bL4J1e30T0zlM9g.wav,1
/content/data/1/kr017a.wav,p0S71JAmbivQatf.wav,1
/content/data/1/kr033a.wav,zynn9IYkGTQc7fH.wav,1
/content/data/1/kr034a.wav,sDkTICUqfDKBsAt.wav,1
/content/data/1/kr009b.wav,w79zxKTOim2Y6C4.wav,1
/content/data/1/kr036a.wav,VqHIZqCtesHUIp7.wav,1
/content/data/1/kr038b.wav,QeYTWrYkgarpxD3.wav,1
/content/data/1/kr004a.wav,TgO2D9AnSlSmnrh.wav,1
/content/data/1/kr020a.wav,9Gf0MjMEdUskJ3L.wav,1
/content/data/1/kr018b.wav,983ios6wMqeoJ8Q.wav,1
/content/data/1/kr013b.wav,DWKvuSRNrDoIfuo.wav,1
/content/data/1/kr035a.wav,7FGsQAlddnkCA5w.wav,1
/content/data/1/kr008a.wav,o5pMDsw3FbQbgDj.wav,1
/content/data/1/kr046a.wav,mV24zBYXhOZA2Nh.wav,1
/content/data/1/kr028b.wav,jgiXy1o2qn85MoU.wav,1
/content/data/1/kr049a.wav,6iVx2doRsxhausx.wav,1
/content/data/1/kr030a.wav,XSdQ3bmxZ4VISXY.wav,1
/content/data/1/kr023b.wav,XUeRZG5Jza4ehls.wav,1
/content/data/1/kr030b.wav,iwaiRwIP2g1QY0D.wav,1
/content/data/1/kr002b.wav,LLO2bsEDLXrwVNH.wav,1
/content/data/1/kr049b.wav,2r40aV5VnntOkvi.wav,1
/content/data/1/kr024a.wav,iv8rikFGFapqryT.wav,1
/content/data/1/kr032a.wav,hMvn4jmsjPhvYtT.wav,1
/content/data/1/kr015a.wav,PhTWnHjhBvU8gVd.wav,1
/content/data/1/kr042a.wav,vfjoBO9yvmFi81W.wav,1
/content/data/1/kr005a.wav,dZmqs0g8UocMvj5.wav,1
/content/data/1/kr027b.wav,HKT6NWvnVwF0bZg.wav,1
/content/data/1/kr014a.wav,om9HqN21H5agPnx.wav,1
/content/data/1/kr001a.wav,tD0Mrsx8ixRhL3y.wav,1
/content/data/1/kr002a.wav,gI6rj4oahILoPen.wav,1
/content/data/1/kr048b.wav,I105f7l6rMzenTt.wav,1
/content/data/1/kr037a.wav,8oOHtYE4mKmpo13.wav,1
/content/data/1/kr045a.wav,Q0yQtm8SQO1yRrT.wav,1
/content/data/1/kr023a.wav,VJb7j7SXOQLI4h2.wav,1
/content/data/1/kr039a.wav,t5g3NXFpAou5KTc.wav,1
/content/data/1/kr050a.wav,tfCCyGkUDC1vwEO.wav,1
/content/data/1/kr007a.wav,tjYcNYTUkNQZzsJ.wav,1
/content/data/1/kr034b.wav,ENOZpjU1pTi5b25.wav,1
/content/data/1/kr004b.wav,OgOk8Iwzx0bwVOy.wav,1
/content/data/1/kr045b.wav,0JCfXygQaAhMjjP.wav,1
/content/data/1/kr011b.wav,Kj0JZeanVOEd8xK.wav,1
/content/data/1/kr029a.wav,Jdpb8BaCNPZ1L6Y.wav,1
/content/data/1/kr041b.wav,hRxfgZqtRvPrZv4.wav,1
/content/data/1/kr013a.wav,BkF7aSuN5KRVwD7.wav,1
/content/data/1/kr001b.wav,NZAERLA3b6T4Ar1.wav,1
/content/data/1/kr012b.wav,XPZPFctLLqfFmah.wav,1
/content/data/1/kr040a.wav,5N4xcJQsRjJeyIb.wav,1
/content/data/1/kr009a.wav,PFS5dVtrnLLJl8y.wav,1
/content/data/1/kr018a.wav,JfkFoTk3Gkv8546.wav,1
/content/data/1/kr016b.wav,7kre3DjhKtwlIwE.wav,1
/content/data/1/kr036b.wav,26op3rsPuxdrYXD.wav,1
/content/data/1/kr050b.wav,ECeiTF26A0GT679.wav,1
/content/data/1/kr021a.wav,TiExgsfbsu9FL1l.wav,1
/content/data/1/kr006a.wav,tBluGoPmdsO8nNJ.wav,1
/content/data/1/kr031b.wav,C3G4JfzCt5np5vt.wav,1
/content/data/1/kr011a.wav,Pp7678v0l2cuUge.wav,1
/content/data/1/kr026b.wav,qlhlW17m7ZC3Ik1.wav,1
/content/data/1/kr019b.wav,qOrW9FvXRWbYRmZ.wav,1
/content/data/1/kr005b.wav,gA2CQbJHBVdHsPA.wav,1
/content/data/1/kr038a.wav,WFhBGlGRbWfg7e5.wav,1
/content/data/1/kr041a.wav,yVqY30sNihtw15p.wav,1
/content/data/1/kr042b.wav,lpnHVkKxfvuHYBW.wav,1
/content/data/1/kr040b.wav,gsApzqFe6ZI7teK.wav,1
/content/data/1/kr006b.wav,wsrGf1x1BAjwJF3.wav,1
/content/data/1/kr019a.wav,5KPVRrrcf3xwREn.wav,1
/content/data/1/kr010a.wav,T8uJiz4GN98A0Md.wav,1
/content/data/1/kr033b.wav,C7GLyjZaqVAXk1Z.wav,1
/content/data/1/kr037b.wav,aAay7aY6JT3jr98.wav,1
/content/data/1/kr003b.wav,MVHrHaBU4kwSwOK.wav,1
/content/data/1/kr031a.wav,k2xdiBCIIAb2Shj.wav,1
/content/data/1/kr022a.wav,CazwkLphN5rtxR6.wav,1
/content/data/1/kr003a.wav,5VIA1vRtrkOqzBs.wav,1
/content/data/1/kr043a.wav,NxqNkCw1tEhxeNT.wav,1
/content/data/1/kr028a.wav,pkGPsW09Pm1ThJF.wav,1
/content/data/1/kr044b.wav,bCAGG0ogS6bsjhx.wav,1
/content/data/1/kr017b.wav,X3o3OKYDpXDkVKY.wav,1
/content/data/1/kr007b.wav,dVEKruT6TaKGkxv.wav,1
/content/data/1/kr010b.wav,8Y85Y98CvT810X7.wav,1
/content/data/1/kr032b.wav,MPtGUg4n26keiT5.wav,1
/content/data/1/kr039b.wav,pn4fY5ejmfqYbwb.wav,1
/content/data/1/kr029b.wav,rwFHVC11GG4mecJ.wav,1
/content/data/1/kr014b.wav,ffRW7hnNavsbNqk.wav,1
/content/data/1/kr025a.wav,bKZhFxueh50m7W1.wav,1
/content/data/1/kr035b.wav,ZsRr9AmAoTSaIFq.wav,1
/content/data/1/kr015b.wav,SIZY0AuttCmnIqY.wav,1
/content/data/1/kr048a.wav,owVZYMxynPganem.wav,1
/content/data/1/kr024b.wav,LgbdiRT3Wyw4mCz.wav,1
/content/data/1/kr022b.wav,N33nB5JXbY9zSEp.wav,1
/content/data/1/kr047b.wav,ZGmnotOoDBUzzHM.wav,1
/content/data/1/kr016a.wav,GkoxQGNSYTm3f5B.wav,1
/content/data/1/kr027a.wav,U3ZTUXhUEAZDh4Y.wav,1
/content/data/1/kr026a.wav,cdDZEZZcBKfQk7t.wav,1
/content/data/1/kr046b.wav,Mh19mPYn9TdUXsk.wav,1
/content/data/1/kr047a.wav,LnT35Ds4uLl7lvx.wav,1
/content/data/1/kr043b.wav,CSWUTvliqM8bYsV.wav,1
/content/data/1/kr020b.wav,umAC2YdlChVchf0.wav,1
/content/data/1/kr008b.wav,MGvN61wpic3sTNa.wav,1
/content/data/1/kr012a.wav,7EecIZbwcmjS5x1.wav,1
/content/data/1/kr025b.wav,iDO4MIytwn0Ik37.wav,1
/content/data/1/kr044a.wav,C6HtI0lw4e9nwYA.wav,1
/content/data/1/kr021b.wav,Sx0zujvT61jbl5Y.wav,1
/content/data/1/kr017a.wav,EbCYky4pWcck6ca.wav,1
/content/data/1/kr033a.wav,uumRfloXuGsdIWi.wav,1
/content/data/1/kr034a.wav,3PhFMR0W8DAnhmz.wav,1
/content/data/1/kr009b.wav,sAzHtun0mB0ltfG.wav,1
/content/data/1/kr036a.wav,uGjCGSUAyyn1l9H.wav,1
/content/data/1/kr038b.wav,rQbQ32SV25zkesb.wav,1
/content/data/1/kr004a.wav,AJET6VI6cSG5Xgw.wav,1
/content/data/1/kr020a.wav,QUJawDU8X1IMYgP.wav,1
/content/data/1/kr018b.wav,3xiTXNQkIQUgqUv.wav,1
/content/data/1/kr013b.wav,xZGmRp66q5adVrG.wav,1
/content/data/1/kr035a.wav,mFQdfXDU3SGhdPt.wav,1
/content/data/1/kr008a.wav,8ycJqspnOKNT4O1.wav,1
/content/data/1/kr046a.wav,8BxBbiNc3rhrfMD.wav,1
/content/data/1/kr028b.wav,EhDQTsQ8RoHTXBv.wav,1
/content/data/1/kr049a.wav,4CA0CjLAaq6q9SG.wav,1
/content/data/1/kr030a.wav,VA0dsEGKQtqGRYl.wav,1
/content/data/1/kr023b.wav,iClkT1XEHER3qI7.wav,1
/content/data/1/kr030b.wav,XetjQu9d65beJ75.wav,1
/content/data/1/kr002b.wav,IrkBWkTuFwVOwxm.wav,1
/content/data/1/kr049b.wav,0duJkPW9XGTju30.wav,1
/content/data/1/kr024a.wav,I0Sa8E8atx1Ee6L.wav,1
/content/data/1/kr032a.wav,geB8JtaBmgt4eoF.wav,1
/content/data/1/kr015a.wav,EJyQibjmSRTsHKW.wav,1
/content/data/1/kr042a.wav,9cyX4HZlaVvI7uE.wav,1
/content/data/1/kr005a.wav,EQJEnEQb6QLfwCA.wav,1
/content/data/1/kr027b.wav,BBJL2xM23fZ8UEu.wav,1
/content/data/1/kr014a.wav,0Tyb9YAKvR48Pnl.wav,1
/content/data/1/kr001a.wav,AwIrJblauh41RtN.wav,1
/content/data/1/kr002a.wav,8JXO1jCsVzrW0Np.wav,1
/content/data/1/kr048b.wav,LSGzrddO2iZGXiB.wav,1
/content/data/1/kr037a.wav,fqc4apo5Ho6u1BF.wav,1
/content/data/1/kr045a.wav,CwBbNAgmvP7wLCx.wav,1
/content/data/1/kr023a.wav,h86Se523aTbHbaa.wav,1
/content/data/1/kr039a.wav,sh1st1jFpiwwg9V.wav,1
/content/data/1/kr050a.wav,v4EuwbIgCyj5JTb.wav,1
/content/data/1/kr007a.wav,7IxI0kz5U6266pa.wav,1
/content/data/1/kr034b.wav,C7j4xzXq7ul0Dl2.wav,1
/content/data/1/kr004b.wav,Usl3zpwpXe9YD3g.wav,1
/content/data/1/kr045b.wav,KnJmsdgATgTHfSt.wav,1
/content/data/1/kr011b.wav,BCBo69rYQNWVM4D.wav,1
/content/data/2/ARA NORM  1481.wav,U4gUrOl5pjz4JEI.wav,2
/content/data/2/ARA NORM  0014.wav,BAcZYyMQ1qDWGZ6.wav,2
/content/data/2/ARA NORM  1405.wav,9Xw7yjpyqzbP3YH.wav,2
/content/data/2/ARA NORM  0913.wav,WgShovSmZowH6zh.wav,2
/content/data/2/ARA NORM  1650.wav,ThoQLYkxySFjx6r.wav,2
/content/data/2/ARA NORM  1619.wav,kflyVj6AUxPiIA8.wav,2
/content/data/2/ARA NORM  0793.wav,Z3J9oxKOMBicNbt.wav,2
/content/data/2/ARA NORM  1321.wav,HwvRZpSRY3pM4P8.wav,2
/content/data/2/ARA NORM  0551.wav,Odwl9RoerkGXqhn.wav,2
/content/data/2/ARA NORM  0900.wav,kB1UUHQocmkFDb4.wav,2
/content/data/2/ARA NORM  0041.wav,nppfKAYLr6R0dk8.wav,2
/content/data/2/ARA NORM  1806.wav,SMHLqyAYEpIAQpY.wav,2
/content/data/2/ARA NORM  0025.wav,zV93SHJ7AVUeqRI.wav,2
/content/data/2/ARA NORM  0268.wav,S8O0F53GjftDReC.wav,2
/content/data/2/ARA NORM  0654.wav,Csk8yDETKoqKsU9.wav,2
/content/data/2/ARA NORM  1472.wav,z0xlsI6yZzfsDjL.wav,2
/content/data/2/ARA NORM  1354.wav,iVsWtj4r0HktFRr.wav,2
/content/data/2/ARA NORM  0684.wav,qDHPtnFrHZpswGH.wav,2
/content/data/2/ARA NORM  0698.wav,KnG2SKIl3O2CIPz.wav,2
/content/data/2/ARA NORM  0656.wav,vBOyeof2wMeLULx.wav,2
/content/data/2/ARA NORM  0039.wav,lEmuiElMTjZ3XmB.wav,2
/content/data/2/ARA NORM  1162.wav,OVS4vtOpkdZrjPR.wav,2
/content/data/2/ARA NORM  1793.wav,qofN6UkT5GS8tiq.wav,2
/content/data/2/ARA NORM  1012.wav,Ta5M1xSG6PChAHx.wav,2
/content/data/2/ARA NORM  0221.wav,Q6TdUckKrpDyg2Y.wav,2
/content/data/2/ARA NORM  0777.wav,rh6aUouWjjbYwMo.wav,2
/content/data/2/ARA NORM  0148.wav,5vYiYDVosG5X3of.wav,2
/content/data/2/ARA NORM  1792.wav,AULQ88eiR2y1gsS.wav,2
/content/data/2/ARA NORM  0444.wav,7lEp4NITXsWz4rE.wav,2
/content/data/2/ARA NORM  0376.wav,X5VormZ3ihd0BgJ.wav,2
/content/data/2/ARA NORM  1213.wav,bNssoavqX5p7zhD.wav,2
/content/data/2/ARA NORM  0412.wav,xgCRpZFwa6X4gsP.wav,2
/content/data/2/ARA NORM  0457.wav,YAyiPlLVncIlz5P.wav,2
/content/data/2/ARA NORM  1585.wav,t3StG47VAXZmFwA.wav,2
/content/data/2/ARA NORM  0210.wav,PODF85rPhXyS9dO.wav,2
/content/data/2/ARA NORM  0835.wav,JD7TQ27TtTHz1Y2.wav,2
/content/data/2/ARA NORM  1029.wav,7OqlMSVF2zFK1k8.wav,2
/content/data/2/ARA NORM  1154.wav,OmZWjUn0geTHyG8.wav,2
/content/data/2/ARA NORM  1528.wav,U72xgODnpcqcLsj.wav,2
/content/data/2/ARA NORM  0518.wav,ERm71Iw2vY8UBoY.wav,2
/content/data/2/ARA NORM  1530.wav,09jDXiHlUWknyVQ.wav,2
/content/data/2/ARA NORM  0076.wav,4mI93UDd8fjgFWN.wav,2
/content/data/2/ARA NORM  0822.wav,6hr4h08DH3VWhgu.wav,2
/content/data/2/ARA NORM  1443.wav,M5La5QxyFaDx2eR.wav,2
/content/data/2/ARA NORM  1614.wav,F0DVWMw0FkfyGDb.wav,2
/content/data/2/ARA NORM  1084.wav,JC05QXxRCEzKeCf.wav,2
/content/data/2/ARA NORM  0782.wav,B3difXiX2PtgkJH.wav,2
/content/data/2/ARA NORM  0809.wav,HnALZ687dXzS1oO.wav,2
/content/data/2/ARA NORM  1378.wav,B7HlBjePEVpmgBI.wav,2
/content/data/2/ARA NORM  1603.wav,lZ68kUXBzg7fcKp.wav,2
/content/data/2/ARA NORM  1392.wav,VjQSrYj7DXVBxeX.wav,2
/content/data/2/ARA NORM  0735.wav,54gaJ4znXIauBfX.wav,2
/content/data/2/ARA NORM  0945.wav,ItBao3HJ27UQI9c.wav,2
/content/data/2/ARA NORM  1577.wav,VwtGrOlJStm9fqw.wav,2
/content/data/2/ARA NORM  0647.wav,lLzdBGpag0tUsnr.wav,2
/content/data/2/ARA NORM  0006.wav,7EZCwO1AxkorDID.wav,2
/content/data/2/ARA NORM  1341.wav,NtK6WL2P2fh8dMl.wav,2
/content/data/2/ARA NORM  1191.wav,doyJ8cOfRpS1ryT.wav,2
/content/data/2/ARA NORM  0064.wav,GJZm3J6iEzCv1NP.wav,2
/content/data/2/ARA NORM  0293.wav,uxdCVF8NqMgdecW.wav,2
/content/data/2/ARA NORM  1156.wav,ngYKeEFxme45ECD.wav,2
/content/data/2/ARA NORM  0373.wav,dug7KR6h6TICngd.wav,2
/content/data/2/ARA NORM  0564.wav,k6Xy8cDIcOa1DKA.wav,2
/content/data/2/ARA NORM  0327.wav,fXB32qdPWEs2iNX.wav,2
/content/data/2/ARA NORM  0244.wav,yhEFdcViv7tECrK.wav,2
/content/data/2/ARA NORM  0432.wav,rHm1N06AQ3u9di7.wav,2
/content/data/2/ARA NORM  1770.wav,uPX5H7ZKzkrmlNd.wav,2
/content/data/2/ARA NORM  1048.wav,T8OolysnDXG2KbV.wav,2
/content/data/2/ARA NORM  1209.wav,F0qKkinY48ifX7k.wav,2
/content/data/2/ARA NORM  0918.wav,dur3gZH0Ehr6Jy4.wav,2
/content/data/2/ARA NORM  0956.wav,Om5bf6MvfITGy2F.wav,2
/content/data/2/ARA NORM  1216.wav,QXJ8ARZIkL1wXrm.wav,2
/content/data/2/ARA NORM  1068.wav,dmmxehA7ESxeAwc.wav,2
/content/data/2/ARA NORM  1463.wav,HGtbL2ZQTSgqLCK.wav,2
/content/data/2/ARA NORM  0670.wav,b9DzWDw2w4ql5lw.wav,2
/content/data/2/ARA NORM  0437.wav,OxCbg3j95TF09yq.wav,2
/content/data/2/ARA NORM  0766.wav,ab5EiOItXworZ0K.wav,2
/content/data/2/ARA NORM  0218.wav,NXFJZMAigsjkK5f.wav,2
/content/data/2/ARA NORM  0315.wav,Z1W5Xnfs3Xy1enj.wav,2
/content/data/2/ARA NORM  1217.wav,A3AkyboTWc0ZdCR.wav,2
/content/data/2/ARA NORM  0219.wav,TexBfx5GIWkDmld.wav,2
/content/data/2/ARA NORM  1606.wav,HwXuo9uzZbE4q1C.wav,2
/content/data/2/ARA NORM  1522.wav,QhwsPNnXbx309LS.wav,2
/content/data/2/ARA NORM  0761.wav,be1lNgLMpMtFty8.wav,2
/content/data/2/ARA NORM  0363.wav,cj1C3XuFHnLTnx2.wav,2
/content/data/2/ARA NORM  0755.wav,p8ifVwRfGaSt3w7.wav,2
/content/data/2/ARA NORM  1470.wav,ryQxmwsNArB207B.wav,2
/content/data/2/ARA NORM  0109.wav,0uA3NRp72lv5ael.wav,2
/content/data/2/ARA NORM  1096.wav,WkKP7LhG9el8E9h.wav,2
/content/data/2/ARA NORM  1777.wav,hWuf1dWOnCS46xa.wav,2
/content/data/2/ARA NORM  0125.wav,6QUn1z9MBYpUJWf.wav,2
/content/data/2/ARA NORM  0939.wav,RN3Cy1GG2pTakMZ.wav,2
/content/data/2/ARA NORM  1498.wav,xaSpA7ns7EKqyhb.wav,2
/content/data/2/ARA NORM  0228.wav,lrd2v8unF1AKb5c.wav,2
/content/data/2/ARA NORM  1468.wav,kExHUhqbe8NQjgp.wav,2
/content/data/2/ARA NORM  1110.wav,cnuV23WfRAiTZAp.wav,2
/content/data/2/ARA NORM  0377.wav,jT8Mc6wPL6slEOE.wav,2
/content/data/2/ARA NORM  0604.wav,EnDWdkeQtVPkPYM.wav,2
/content/data/2/ARA NORM  0681.wav,BuLLIJi8Z7dN0Ss.wav,2
/content/data/2/ARA NORM  0526.wav,5MYNSoj2X616NsO.wav,2
/content/data/2/ARA NORM  1600.wav,FiqcB0YtwATA3vQ.wav,2
/content/data/2/ARA NORM  0108.wav,Q43fZDv2DlFBU0h.wav,2
/content/data/2/ARA NORM  0629.wav,8e1OVhtnn4vd7kV.wav,2
/content/data/2/ARA NORM  0962.wav,VFjpOMIAQ0j8o45.wav,2
/content/data/2/ARA NORM  0707.wav,HvXPB1VY2boInxV.wav,2
/content/data/2/ARA NORM  0804.wav,f5fGzsvGKukk3fp.wav,2
/content/data/2/ARA NORM  0926.wav,2THYbWFYUx1KBZ3.wav,2
/content/data/2/ARA NORM  1571.wav,B5wTz44veecTC5Q.wav,2
/content/data/2/ARA NORM  0306.wav,1ArVjjje1nZtfEs.wav,2
/content/data/2/ARA NORM  0821.wav,bIOAtOuilKfPcbR.wav,2
/content/data/2/ARA NORM  0334.wav,IjAFSzzZb2kgsYE.wav,2
/content/data/2/ARA NORM  0196.wav,Vic6KACktkRF8CB.wav,2
/content/data/2/ARA NORM  1771.wav,3L5dJzOiH2bjamY.wav,2
/content/data/2/ARA NORM  1780.wav,jeP3AS02u8FYmou.wav,2
/content/data/2/ARA NORM  1141.wav,azD1YVCxv2dyilZ.wav,2
/content/data/2/ARA NORM  1253.wav,jK10aJOHzV8kULm.wav,2
/content/data/2/ARA NORM  1488.wav,maDWvWgr8xo8AOD.wav,2
/content/data/2/ARA NORM  0668.wav,Hyz81QlFe3DALni.wav,2
/content/data/2/ARA NORM  0252.wav,JW0gu3QR9TIbshY.wav,2
/content/data/2/ARA NORM  1186.wav,atjdJXobBt3K2iO.wav,2
/content/data/2/ARA NORM  1640.wav,tottrocohZTPSle.wav,2
/content/data/2/ARA NORM  0771.wav,TZBTMdPT2oBR5ue.wav,2
/content/data/2/ARA NORM  1654.wav,kLH4ruqgDu79no1.wav,2
/content/data/2/ARA NORM  0561.wav,xpicv7koAOeiQvk.wav,2
/content/data/2/ARA NORM  0606.wav,9FlCxM2yBxJSJAm.wav,2
/content/data/2/ARA NORM  0711.wav,kpW2usqxK7Gr8Zu.wav,2
/content/data/2/ARA NORM  0571.wav,8uIebWFba8jOkpp.wav,2
/content/data/2/ARA NORM  0372.wav,23v9IEQupDjLxlO.wav,2
/content/data/2/ARA NORM  0129.wav,He2OB4MumO8H9Qd.wav,2
/content/data/2/ARA NORM  0220.wav,lYntObqu04fmOUJ.wav,2
/content/data/2/ARA NORM  1686.wav,wUshvpVQ1bqJlxm.wav,2
/content/data/2/ARA NORM  0055.wav,twFRVruiojrpXSN.wav,2
/content/data/2/ARA NORM  1306.wav,LLbPKSieTqZ0EcZ.wav,2
/content/data/2/ARA NORM  0861.wav,pGcA4B9lS7RQj99.wav,2
/content/data/2/ARA NORM  0297.wav,qEQqisnRpeb4dil.wav,2
/content/data/2/ARA NORM  1620.wav,gN8pWcPYyBOlq9l.wav,2
/content/data/2/ARA NORM  1645.wav,hGtPnSVfVxRDiVh.wav,2
/content/data/2/ARA NORM  0932.wav,aXudV6YZrN7qgNI.wav,2
/content/data/2/ARA NORM  0409.wav,mkfUASfjimzPao1.wav,2
/content/data/2/ARA NORM  0964.wav,XuUCInuz2Ctl0r7.wav,2
/content/data/2/ARA NORM  0336.wav,rqqCSedTAo1ffnS.wav,2
/content/data/2/ARA NORM  0105.wav,9GQtL8cwEOYwmJW.wav,2
/content/data/2/ARA NORM  1722.wav,HFYdtQzudrXZALz.wav,2
/content/data/2/ARA NORM  1282.wav,RJ15Vs0i4sQhgh6.wav,2
/content/data/2/ARA NORM  0255.wav,BCsi895QEpOKvfa.wav,2
/content/data/2/ARA NORM  1523.wav,OFd6Iai2loioaRX.wav,2
/content/data/2/ARA NORM  1035.wav,jUVLYWinwsf5M3c.wav,2
/content/data/2/ARA NORM  0630.wav,NmcjrHPAxRRbAIn.wav,2
/content/data/2/ARA NORM  0003.wav,MmaIO2LU2nQZbz4.wav,2
/content/data/2/ARA NORM  0392.wav,aN6jiGzpSiZNqfK.wav,2